code,name,description,group,time_limit,memory_limit,points,types,authors,curators,testers,allowed_languages,is_public,partial,short_circuit,is_manually_managed,license,og_image,summary,banned_users,organizations,is_organization_private,enable_waveform,enable_ppa,ppa_maximum_fmax,f4pga_board,f4pga_target_fmax,openlane_pdk,openlane_ppa_score,openlane_critical_path_ns,openlane_core_area_um2,openlane_power_total,solution_content,solution_is_public,solution_authors,translation_en_name,translation_en_description,translation_zh_hant_name,translation_zh_hant_description,clarifications,language_limits,is_full_markup
ArmyStrengthDifference,[NUKC]Army_Strength_Difference,"![](https://raw.githubusercontent.com/Fenghsuisme/CPE_onestar_problem_image/main/images/Army_Strength_Difference/Army_Strength_Difference_p1.png)


### Sample Input
```text

```

### Sample Output
```text

```",NUK,3,262144,1,CPP,"Feng,A1115514",,,"C,C11,Clang,Clang++,CPP03,CPP11,CPP14,CPP17,CPP20",FALSE,FALSE,FALSE,FALSE,,,,,,,,,,,,,,,,,,,,,,,,,,FALSE
MultipleofEleven,[NUKC]Multiple_of_Eleven,"![](https://raw.githubusercontent.com/Fenghsuisme/CPE_onestar_problem_image/main/images/Multiple_of_Eleven/Multiple_of_Eleven_p1.png)


### Sample Input
```text

```

### Sample Output
```text

```",NUK,3,262144,1,CPP,"Feng,A1115514",,,"C,C11,Clang,Clang++,CPP03,CPP11,CPP14,CPP17,CPP20",FALSE,FALSE,FALSE,FALSE,,,,,,,,,,,,,,,,,,,,,,,,,,FALSE
ParticleDisplacement,[NUKC]Particle_Displacement,"![](https://raw.githubusercontent.com/Fenghsuisme/CPE_onestar_problem_image/main/images/Particle_Displacement/Particle_Displacement_p1.png)


### Sample Input
```text

```

### Sample Output
```text

```",NUK,3,262144,1,CPP,"Feng,A1115514",,,"C,C11,Clang,Clang++,CPP03,CPP11,CPP14,CPP17,CPP20",FALSE,FALSE,FALSE,FALSE,,,,,,,,,,,,,,,,,,,,,,,,,,FALSE
PrintwithEscapeSequences,[NUKC]Print_with_Escape_Sequences,"![](https://raw.githubusercontent.com/Fenghsuisme/CPE_onestar_problem_image/main/images/Print_with_Escape_Sequences/Print_with_Escape_Sequences_p1.png)


### Sample Input
```text

```

### Sample Output
```text

```",NUK,3,262144,1,CPP,"Feng,A1115514",,,"C,C11,Clang,Clang++,CPP03,CPP11,CPP14,CPP17,CPP20",FALSE,FALSE,FALSE,FALSE,,,,,,,,,,,,,,,,,,,,,,,,,,FALSE
RelationalOperator,[NUKC]Relational_Operator,"![](https://raw.githubusercontent.com/Fenghsuisme/CPE_onestar_problem_image/main/images/Relational_Operator/Relational_Operator_p1.png)


### Sample Input
```text

```

### Sample Output
```text

```",NUK,3,262144,1,CPP,"Feng,A1115514",,,"C,C11,Clang,Clang++,CPP03,CPP11,CPP14,CPP17,CPP20",FALSE,FALSE,FALSE,FALSE,,,,,,,,,,,,,,,,,,,,,,,,,,FALSE
RightAngledTriangle,[NUKC]Right_Angled_Triangle,"![](https://raw.githubusercontent.com/Fenghsuisme/CPE_onestar_problem_image/main/images/Right_Angled_Triangle/Right_Angled_Triangle_p1.png)


### Sample Input
```text

```

### Sample Output
```text

```",NUK,3,262144,1,CPP,"Feng,A1115514",,,"C,C11,Clang,Clang++,CPP03,CPP11,CPP14,CPP17,CPP20",FALSE,FALSE,FALSE,FALSE,,,,,,,,,,,,,,,,,,,,,,,,,,FALSE
SumofDigits,[NUKC]Sum_of_Digits,"![](https://raw.githubusercontent.com/Fenghsuisme/CPE_onestar_problem_image/main/images/Sum_of_Digits/Sum_of_Digits_p1.png)


### Sample Input
```text

```

### Sample Output
```text

```",NUK,3,262144,1,CPP,"Feng,A1115514",,,"C,C11,Clang,Clang++,CPP03,CPP11,CPP14,CPP17,CPP20",FALSE,FALSE,FALSE,FALSE,,,,,,,,,,,,,,,,,,,,,,,,,,FALSE
